query (+ بالرياض),rank,label,title,price_amount,city,haraj_seller_id,posted,listing_state,url
سباك,1,EXACT,سباك وسط الرياض تاسيس وتشطيب وصيانة,150.0,الرياض,26026107,2026-09-18,active,https://haraj.com.sa/11188816010/سباك_وسط_الرياض_تاسيس_وتشطيب_وصيانة/
سباك,2,EXACT,سباكه والكهرباء صيانة منازل فوري,250.0,الرياض,18384073,2026-09-22,active,https://haraj.com.sa/11189135514/سباكه_والكهرباء_صيانة_منازل_فوري/
سباك,3,EXACT,سباك الرياض,150.0,الرياض,15199495,2026-09-03,active,https://haraj.com.sa/11187788324/سباك_الرياض/
سباك,4,EXACT,سباك كهربائي ملاحق ترميم خبره 20سنه,1100.0,الرياض,21103095,2026-09-22,active,https://haraj.com.sa/11189129084/سباك_كهربائي_ملاحق_ترميم_خبره_20سنه/
سباك,5,EXACT,سباك كهربائي بالرياض شغل ترميم كامل وجديد,9.0,الرياض,17906961,2026-09-22,active,https://haraj.com.sa/11189111025/سباك_كهربائي_بالرياض_شغل_ترميم_كامل_وجديد/
سباك,6,RELATED,مقاولات كهرباء وسباكه  تاسيس وتشطيب وصيانه,8.0,الرياض,23957034,2026-09-22,active,https://haraj.com.sa/11189123369/مقاولات_كهرباء_وسباكهتاسيس_وتشطيب_وصيانه/
سباك,7,RELATED,ترميم سباكه وكهرباء,100.0,الرياض,22090628,2026-09-22,active,https://haraj.com.sa/11189102945/ترميم_سباكه_وكهرباء/
سباك,8,EXACT,السباكه الصرف الصحي توصيل المجاري,200.0,الرياض,22396226,2026-09-19,active,https://haraj.com.sa/11188864209/السباكه_الصرف_الصحي_توصيل_المجاري/
سباك,9,EXACT,سباك صرف صحي توصيل المجاري تركيب رداد الماني,200.0,الرياض,26030947,2026-09-17,active,https://haraj.com.sa/11188749867/سباك_صرف_صحي_توصيل_المجاري_تركيب_رداد_الماني/
سباك,10,EXACT,سباك صحي تأسيس وتشطيب جميع أعمال السباكة الحديث وتسليم مهندس,10.0,الرياض,24709463,2026-09-16,active,https://haraj.com.sa/11188681697/سباك_صحي_تأسيس_وتشطيب_جميع_أعمال_السباكة_الحديث_وتسليم_مهندس/
سباك,11,EXACT,سباك وكهربائي الرياض نخدم أحياء الياسمين الصحافه العارض,,الرياض,24169964,2026-09-22,active,https://haraj.com.sa/11189117811/سباك_وكهربائي_الرياض_نخدم_أحياء_الياسمين_الصحافه_العارض/
سباك,12,EXACT,سباك غرب الرياض,,الرياض,15918301,2026-09-22,active,https://haraj.com.sa/11189082287/سباك_غرب_الرياض/
سباك,13,EXACT,سباك الرياض اتصل نصل ان شاء الله,,الرياض,21108382,2026-08-26,active,https://haraj.com.sa/11187248847/سباك_الرياض_اتصل_نصل_ان_شاء_الله/
سباك,14,EXACT,سباك تسليك مجاري تسليك بلاعات تسليك غرف تفتيش تسليك حمامات,,الرياض,15979580,2026-09-23,active,https://haraj.com.sa/11189141570/سباك_تسليك_مجاري_تسليك_بلاعات_تسليك_غرف_تفتيش_تسليك_حمامات/
سباك,15,EXACT,سباك فني تاسيس وتشطيب جميع انواع السباكة,,الرياض,12705386,2026-09-23,active,https://haraj.com.sa/11189143388/سباك_فني_تاسيس_وتشطيب_جميع_انواع_السباكة/
سباك,16,WRONG,سباك للتنازل الرياض,,الرياض,13419147,2026-09-13,active,https://haraj.com.sa/11188449570/سباك_للتنازل_الرياض/
سباك,17,EXACT,للسباكة و الكهرباء,40.0,الرياض,26059340,2026-09-22,active,https://haraj.com.sa/11189123638/للسباكة_و_الكهرباء/
سباك,18,EXACT,سباك كهربائي تكسير ترميم دهان جبسم بورد بلط,,الرياض,22336490,2026-09-22,active,https://haraj.com.sa/11189128870/سباك_كهربائي_تكسير_ترميم_دهان_جبسم_بورد_بلط/
سباك,19,EXACT,سباك والكهرباء تكسير ترميم,,الرياض,23129409,2026-09-22,active,https://haraj.com.sa/11189127067/سباك_والكهرباء_تكسير_ترميم/
سباك,20,EXACT,صيانة منازل بالرياض   كهرباء وسباكة وتكييف   خبرة 15 عاماً,,الرياض,25852319,2026-09-22,active,https://haraj.com.sa/11189113238/صيانة_منازل_بالرياض_كهرباء_وسباكة_وتكييف_خبرة_15_عاماً/
كهربائي,1,DANGEROUSLY_WRONG,كرسي اطفال متحرك كهربائي جديد لم يستخدم بكرتونه واغراضه كامل,3500.0,الرياض,4403905,2026-09-23,active,https://haraj.com.sa/11189139651/كرسي_اطفال_متحرك_كهربائي_جديد_لم_يستخدم_بكرتونه_واغراضه_كامل/
كهربائي,2,DANGEROUSLY_WRONG,صاج برجر كهربائي Toastmaster تجاري   بحالة جيد,4000.0,الرياض,19659827,2026-09-22,active,https://haraj.com.sa/11189135528/صاج_برجر_كهربائي_Toastmaster_تجاري_بحالة_جيد/
كهربائي,3,DANGEROUSLY_WRONG,منشار طاولة كهربائي سلكي بقوة 1800 واط من ستانلي موديل رقم S,1000.0,الرياض,6056392,2026-09-22,active,https://haraj.com.sa/11189132727/منشار_طاولة_كهربائي_سلكي_بقوة_1800_واط_من_ستانلي_موديل_رقم_S/
كهربائي,4,DANGEROUSLY_WRONG,كرسي كهربايي للذو الاعاقه,3600.0,الرياض,16978766,2026-09-18,active,https://haraj.com.sa/11188857151/كرسي_كهربايي_للذو_الاعاقه/
كهربائي,5,DANGEROUSLY_WRONG,سيكل كهربائي جديد للبيع استخدام 3 أيام,3500.0,الرياض,2320810,2026-09-22,active,https://haraj.com.sa/11189121802/سيكل_كهربائي_جديد_للبيع_استخدام_3_أيام/
كهربائي,6,DANGEROUSLY_WRONG,كرسي متحرك كهربائي ايدل,4000.0,الرياض,12065832,2026-09-22,active,https://haraj.com.sa/11189118227/كرسي_متحرك_كهربائي_ايدل/
كهربائي,7,DANGEROUSLY_WRONG,رينفو مدلك ظهر ورقبة كهربائي مع حرارة وهزاز وتحكم بالسرعة,600.0,الرياض,20435987,2026-09-22,active,https://haraj.com.sa/11189111536/رينفو_مدلك_ظهر_ورقبة_كهربائي_مع_حرارة_وهزاز_وتحكم_بالسرعة/
كهربائي,8,DANGEROUSLY_WRONG,كرسي كهربائي للبيع,4500.0,الرياض,12502592,2026-09-18,active,https://haraj.com.sa/11188811048/كرسي_كهربائي_للبيع/
كهربائي,9,EXACT,فني كهرباء,300.0,الرياض,21356492,2026-09-20,active,https://haraj.com.sa/11188979964/فني_كهرباء/
كهربائي,10,EXACT,وأمان. من تمديد الكهرباء إلى إصلاح السباكة.. ش,50.0,الرياض,24173473,2026-09-15,active,https://haraj.com.sa/11188601670/وأمانمن_تمديد_الكهرباء_إلى_إصلاح_السباكة_ش/
كهربائي,11,DANGEROUSLY_WRONG,دوده دركسون كهربائي زيت كامري 25لكزس رافور افلون فورد تورس,,الرياض,25924352,2026-09-23,active,https://haraj.com.sa/11189147145/دوده_دركسون_كهربائي_زيت_كامري_25لكزس_رافور_افلون_فورد_تورس/
كهربائي,12,DANGEROUSLY_WRONG,اغراض للبيع كنب حوش وعطر وخلاط كهربائي,,الرياض,1749679,2026-09-22,active,https://haraj.com.sa/11189101929/اغراض_للبيع_كنب_حوش_وعطر_وخلاط_كهربائي/
كهربائي,13,DANGEROUSLY_WRONG,قدر عصيدة وجريش كهربائي,,الرياض,19590841,2026-09-23,active,https://haraj.com.sa/11189137083/قدر_عصيدة_وجريش_كهربائي/
كهربائي,14,DANGEROUSLY_WRONG,صاعق. كهربائي 12 الف,,الرياض,25475145,2026-09-22,active,https://haraj.com.sa/11189129782/صاعقكهربائي_12_الف/
كهربائي,15,RELATED,كهربايي باور كنترول كهرباء باور كنترول دبلوم هندسة  مسجل في,,الرياض,17541060,2026-09-22,active,https://haraj.com.sa/11189130869/كهربايي_باور_كنترول_كهرباء_باور_كنترول_دبلوم_هندسةمسجل_في/
كهربائي,16,WRONG,ميكانيكي وكهرباىي متنقل,,الرياض,21554536,2026-09-22,active,https://haraj.com.sa/11189125625/ميكانيكي_وكهرباىي_متنقل/
كهربائي,17,DANGEROUSLY_WRONG,عفش للبيع دولابين وبوتكاز كهربائي,,الرياض,24096904,2026-09-22,active,https://haraj.com.sa/11189126865/عفش_للبيع_دولابين_وبوتكاز_كهربائي/
كهربائي,18,DANGEROUSLY_WRONG,ونش سحب كهربائي,,الرياض,25541598,2026-09-22,active,https://haraj.com.sa/11189126211/ونش_سحب_كهربائي/
كهربائي,19,DANGEROUSLY_WRONG,قدر كهربائي بادريق 10 لتر جديد,,الرياض,6054040,2026-09-22,active,https://haraj.com.sa/11189117762/قدر_كهربائي_بادريق_10_لتر_جديد/
كهربائي,20,DANGEROUSLY_WRONG,سلم كهربائي متسوبيشي ياباني اصلي,,الرياض,15100629,2026-09-22,active,https://haraj.com.sa/11189116251/سلم_كهربائي_متسوبيشي_ياباني_اصلي/
درابزين,1,RELATED,درابزين حديد للبيع,2000.0,الرياض,12305665,2026-09-11,active,https://haraj.com.sa/11188323524/درابزين_حديد_للبيع/
درابزين,2,RELATED,للبيع أعمدة درابزين وكرانيش حجر ديكور للواجهة والبلكونة,500.0,الرياض,3527708,2026-09-15,active,https://haraj.com.sa/11188650190/للبيع_أعمدة_درابزين_وكرانيش_حجر_ديكور_للواجهة_والبلكونة/
درابزين,3,EXACT,درابزين زجاج و حديد,250.0,الرياض,17117311,2026-08-31,active,https://haraj.com.sa/11187615111/درابزين_زجاج_و_حديد/
درابزين,4,EXACT,درابزين زجاج درج داخلي ترابزين جانبي,2.0,الرياض,25974712,2026-09-08,active,https://haraj.com.sa/11188160845/درابزين_زجاج_درج_داخلي_ترابزين_جانبي/
درابزين,5,EXACT,دربزين زجاج سلم زجاج سكريت 12 ملي شفاف او ملون,350.0,الرياض,22935297,2026-09-21,active,https://haraj.com.sa/11189001331/دربزين_زجاج_سلم_زجاج_سكريت_12_ملي_شفاف_او_ملون/
درابزين,6,RELATED,زجاج درابزين مسابح,260.0,الرياض,17396472,2026-08-31,active,https://haraj.com.sa/11187583152/زجاج_درابزين_مسابح/
درابزين,7,EXACT,دربزين مظلات باب كلادينج باب حديد باب ليزر دريشه كله موجود,150.0,الرياض,22370205,2026-09-18,active,https://haraj.com.sa/11188850748/دربزين_مظلات_باب_كلادينج_باب_حديد_باب_ليزر_دريشه_كله_موجود/
درابزين,8,RELATED,تنفيذ واجهات زجاجية وابواب وشورات ودرابزين زجاج,20.0,الرياض,21723436,2026-09-19,active,https://haraj.com.sa/11188905870/تنفيذ_واجهات_زجاجية_وابواب_وشورات_ودرابزين_زجاج/
درابزين,9,EXACT,حداد في الرياض - تفصيل أبواب حديد ودرابزين وهناجر و مظلات,1000.0,الرياض,22419940,2026-09-17,active,https://haraj.com.sa/11188754989/حداد_في_الرياض_تفصيل_أبواب_حديد_ودرابزين_وهناجر_و_مظلات/
درابزين,10,EXACT,حداد بالرياض أبو رعد - أبواب دربزين دهانات,,الرياض,23648369,2026-09-20,active,https://haraj.com.sa/11188953508/حداد_بالرياض_أبو_رعد_أبواب_دربزين_دهانات/
درابزين,11,EXACT,درابزين,,الرياض,25889589,2026-08-23,active,https://haraj.com.sa/11187075716/درابزين/
درابزين,12,EXACT,درابزين,,الرياض,24823525,2026-09-17,active,https://haraj.com.sa/11188728035/درابزين/
درابزين,13,EXACT,درابزين سلم من الزجاج السيكورتي,,الرياض,25804913,2026-09-08,active,https://haraj.com.sa/11188112521/درابزين_سلم_من_الزجاج_السيكورتي/
درابزين,14,RELATED,درابزين ابواب المونيوم ابواب حداد مزلات,,الرياض,23219415,2026-08-23,active,https://haraj.com.sa/11187039467/درابزين_ابواب_المونيوم_ابواب_حداد_مزلات/
درابزين,15,WRONG,بيع أبواب سنديان و دربزين و 3 مكيفات شباك و واحد مكيف سبليت,,الرياض,14747537,2026-09-15,active,https://haraj.com.sa/11188642689/بيع_أبواب_سنديان_و_دربزين_و_3_مكيفات_شباك_و_واحد_مكيف_سبليت/
درابزين,16,RELATED,دربزين درج حديد و نحاس,,الرياض,12864213,2026-09-15,active,https://haraj.com.sa/11188618263/دربزين_درج_حديد_و_نحاس/
درابزين,17,RELATED,دربزين درج داخلي,,الرياض,1140583,2026-08-23,active,https://haraj.com.sa/11187079693/دربزين_درج_داخلي/
درابزين,18,WRONG,باب حديد مغ درابزين للبيع,500.0,الرياض,4697873,2026-05-29,active,https://haraj.com.sa/11181388249/باب_حديد_مغ_درابزين_للبيع/
درابزين,19,WRONG,زجاج سيكوريت 12ملم دخاني للدرابزين البيع بالحبة أو الكمية,5400.0,الرياض,13735072,2026-08-20,active,https://haraj.com.sa/11186841889/زجاج_سيكوريت_12ملم_دخاني_للدرابزين_البيع_بالحبة_أو_الكمية/
درابزين,20,RELATED,درابزين,3000.0,الرياض,19654808,2026-08-02,active,https://haraj.com.sa/11185635820/درابزين/
درابزين ستانلس,1,EXACT,درابزين سلم هاندريل استانلس ستيل زجاج سكرت,100.0,الرياض,22904081,2026-06-30,active,https://haraj.com.sa/11183471011/درابزين_سلم_هاندريل_استانلس_ستيل_زجاج_سكرت/
درابزين ستانلس,2,RELATED,تيوبات ستانلس ستيل دربزين و زجاج للبيع,,الرياض,1816026,2026-05-01,active,https://haraj.com.sa/11179764094/تيوبات_ستانلس_ستيل_دربزين_و_زجاج_للبيع/
درابزين ستانلس,3,EXACT,درابزين ستانلس ستيل,,الرياض,1815923,2026-04-05,active,https://haraj.com.sa/11178194144/درابزين_ستانلس_ستيل/
درابزين ستانلس,4,EXACT,تراكيب درابزين استانلس ستيل أسلي زجاج سوكريت درابزين,,الرياض,22904081,2026-05-02,active,https://haraj.com.sa/11179863992/تراكيب_درابزين_استانلس_ستيل_أسلي_زجاج_سوكريت_درابزين/
درابزين ستانلس,5,EXACT,درابزين استيل درابزين زجاج حماية شبابيك حاجز مسبح,,الرياض,16952136,2026-06-14,active,https://haraj.com.sa/11182392286/درابزين_استيل_درابزين_زجاج_حماية_شبابيك_حاجز_مسبح/
درابزين ستانلس,6,EXACT,تصنيع وتوريد وتركيب درابزين ستانلس ستيل و زجاج,,الرياض,1656525,2026-06-07,active,https://haraj.com.sa/11181938721/تصنيع_وتوريد_وتركيب_درابزين_ستانلس_ستيل_و_زجاج/
درابزين ستانلس,7,EXACT,استالنلس استيل دربزين استيل زجاج  الرياض ديكور,,الرياض,21813894,2026-05-10,active,https://haraj.com.sa/11180362787/استالنلس_استيل_دربزين_استيل_زجاجالرياض_ديكور/
درابزين ستانلس,8,EXACT,استيل  اسالنس  زجاج  ديكور  دربزين قواطع,,الرياض,21813894,2026-05-14,active,https://haraj.com.sa/11180581865/استيلاسالنسزجاجديكوردربزين_قواطع/
درابزين ستانلس,9,EXACT,استالنلس استيل دربزين,,الرياض,21813894,2026-05-06,active,https://haraj.com.sa/11180106819/استالنلس_استيل_دربزين/
درابزين ستانلس,10,EXACT,درابزين ستانلس ستيل بأحدث التصاميم العصرية المميزة,,الرياض,17033461,2026-04-18,active,https://haraj.com.sa/11178987447/درابزين_ستانلس_ستيل_بأحدث_التصاميم_العصرية_المميزة/
درابزين ستانلس,11,EXACT,درابزين استيل,,الرياض,12782757,2026-08-15,active,https://haraj.com.sa/11186517489/درابزين_استيل/
درابزين ستانلس,12,EXACT,استيل  زجاج ديكور  دربزين  قواطع,,الرياض,21813894,2026-05-05,active,https://haraj.com.sa/11180029794/استيلزجاج_ديكوردربزينقواطع/
درابزين ستانلس,13,EXACT,تركيب وتصنيع درابزين استانلس ستيل اصلي تايواني 304 ضد الصدأ,350.0,الرياض,21768689,2026-02-19,stale,https://haraj.com.sa/11175733613/تركيب_وتصنيع_درابزين_استانلس_ستيل_اصلي_تايواني_304_ضد_الصدأ/
درابزين ستانلس,14,EXACT,عرض خاص درابزين هاندريل سلم استانلس استيل تايواني 304 اصلي,270.0,الرياض,14313314,2024-09-16,stale,https://haraj.com.sa/11143992316/عرض_خاص_درابزين_هاندريل_سلم_استانلس_استيل_تايواني_304_اصلي/
درابزين ستانلس,15,EXACT,درج درابزين سلم لكبار السن استانلس استيل تايواني 304,280.0,الرياض,14313314,2024-09-21,stale,https://haraj.com.sa/11144293516/درج_درابزين_سلم_لكبار_السن_استانلس_استيل_تايواني_304/
درابزين ستانلس,16,EXACT,درابزين استانلس ستيل مع زجاج,,الرياض,17033461,2026-02-24,stale,https://haraj.com.sa/11176017231/درابزين_استانلس_ستيل_مع_زجاج/
درابزين ستانلس,17,EXACT,ستانلس ستيل   درابزين ستانلس   أعمال ستانلس ستيل,,الرياض,1724438,2024-05-04,stale,https://haraj.com.sa/11135809246/ستانلس_ستيل_درابزين_ستانلس_أعمال_ستانلس_ستيل/
درابزين ستانلس,18,EXACT,درابزين استيل,,الرياض,12782757,2025-10-08,stale,https://haraj.com.sa/11167382363/درابزين_استيل/
درابزين ستانلس,19,EXACT,درابزين أستيل زاوية لمسه,,الرياض,23725487,2026-03-07,stale,https://haraj.com.sa/11176654512/درابزين_أستيل_زاوية_لمسه/
درابزين ستانلس,20,EXACT,درابزين ستانلس ستيل سلم وحواجز استراكشر وجهات,,الرياض,13917303,2023-02-21,stale,https://haraj.com.sa/11110545459/درابزين_ستانلس_ستيل_سلم_وحواجز_استراكشر_وجهات/
زجاج سيكوريت,1,EXACT,فني زجاج سكريت تركيب مكائن ابواب,66.0,الرياض,23641407,2026-08-30,active,https://haraj.com.sa/11187512545/فني_زجاج_سكريت_تركيب_مكائن_ابواب/
زجاج سيكوريت,2,EXACT,زجاج سكريت,155.0,الرياض,25871756,2026-09-21,active,https://haraj.com.sa/11189034342/زجاج_سكريت/
زجاج سيكوريت,3,RELATED,أعمال الدعاية والإعلان تنفيذ واجهات كلادينج وجهات زجاج,80.0,الرياض,24406766,2026-09-21,active,https://haraj.com.sa/11189025376/أعمال_الدعاية_والإعلان_تنفيذ_واجهات_كلادينج_وجهات_زجاج/
زجاج سيكوريت,4,DANGEROUSLY_WRONG,غرفة نوم ملكية بتصميم إيطالي حديث - زجاج وألمنيوم,5000.0,الرياض,938819,2026-09-20,active,https://haraj.com.sa/11188934883/غرفة_نوم_ملكية_بتصميم_إيطالي_حديث_زجاج_وألمنيوم/
زجاج سيكوريت,5,EXACT,تنفيذ واجهات زجاجية وابواب وشورات ودرابزين زجاج,20.0,الرياض,21723436,2026-09-19,active,https://haraj.com.sa/11188905870/تنفيذ_واجهات_زجاجية_وابواب_وشورات_ودرابزين_زجاج/
زجاج سيكوريت,6,EXACT,تركيب وتوريد زجاج. سكريت واللمنيوم,150.0,الرياض,25642940,2026-09-09,active,https://haraj.com.sa/11188230874/تركيب_وتوريد_زجاجسكريت_واللمنيوم/
زجاج سيكوريت,7,EXACT,زجاج سكريت,150.0,الرياض,17268002,2026-09-16,active,https://haraj.com.sa/11188714032/زجاج_سكريت/
زجاج سيكوريت,8,EXACT,زجاج سكريت,150.0,الرياض,23873427,2026-09-16,active,https://haraj.com.sa/11188697972/زجاج_سكريت/
زجاج سيكوريت,9,WRONG,تنظيف واجهات زجاج بالرياض,100.0,الرياض,2862340,2026-09-16,active,https://haraj.com.sa/11188705375/تنظيف_واجهات_زجاج_بالرياض/
زجاج سيكوريت,10,EXACT,تركيب زجاج سكريت الصناعية القديمه واجهات محلات دربز,7.0,الرياض,25962411,2026-09-09,active,https://haraj.com.sa/11188202512/تركيب_زجاج_سكريت_الصناعية_القديمه_واجهات_محلات_دربز/
زجاج سيكوريت,11,EXACT,زجاج سكريت.,150.0,الرياض,20665376,2026-09-04,active,https://haraj.com.sa/11187882793/زجاج_سكريت_/
زجاج سيكوريت,12,WRONG,تنظيف واجهات زجاجية والكلادنج واللوحات الدعائية,100.0,الرياض,18560174,2026-09-04,active,https://haraj.com.sa/11187890160/تنظيف_واجهات_زجاجية_والكلادنج_واللوحات_الدعائية/
زجاج سيكوريت,13,RELATED,حاجز حمام زجاج سيكوريت مع المثبتات,400.0,الرياض,4131799,2026-09-11,active,https://haraj.com.sa/11188360437/حاجز_حمام_زجاج_سيكوريت_مع_المثبتات/
زجاج سيكوريت,14,EXACT,زجاج سيكوريت ابواب سكريت شاورات مكاتب زجاج الرياض,150.0,الرياض,15666864,2026-08-25,active,https://haraj.com.sa/11187224698/زجاج_سيكوريت_ابواب_سكريت_شاورات_مكاتب_زجاج_الرياض/
زجاج سيكوريت,15,EXACT,تركيب واجهات زجاج تركيب مكاتب زجاج شارات قواطع حاجز,,الرياض,25979010,2026-09-08,active,https://haraj.com.sa/11188117985/تركيب_واجهات_زجاج_تركيب_مكاتب_زجاج_شارات_قواطع_حاجز/
زجاج سيكوريت,16,EXACT,زجاج سيكوريت شورات ودربزين درج والالمنيوم,,الرياض,21168756,2026-09-08,active,https://haraj.com.sa/11188115131/زجاج_سيكوريت_شورات_ودربزين_درج_والالمنيوم/
زجاج سيكوريت,17,WRONG,تنظيف واجهات زجاجيه أبراج وفلل وفنادق ومحلات تجاريه وتنظيف ا,,الرياض,25818213,2026-09-20,active,https://haraj.com.sa/11188961109/تنظيف_واجهات_زجاجيه_أبراج_وفلل_وفنادق_ومحلات_تجاريه_وتنظيف_ا/
زجاج سيكوريت,18,EXACT,زجاج سكريت والمنيوم,,الرياض,17691582,2026-09-19,active,https://haraj.com.sa/11188916893/زجاج_سكريت_والمنيوم/
زجاج سيكوريت,19,EXACT,تركيب واجهات زجاج تركيب مكاتب زجاج شاورات قاطع زجاج سكريت,,الرياض,25850525,2026-09-17,active,https://haraj.com.sa/11188760577/تركيب_واجهات_زجاج_تركيب_مكاتب_زجاج_شاورات_قاطع_زجاج_سكريت/
زجاج سيكوريت,20,EXACT,واجهات زجاج محلات تجاريه وأسعار مناسبه وعمل ممتاز,,الرياض,5800910,2026-09-18,active,https://haraj.com.sa/11188796858/واجهات_زجاج_محلات_تجاريه_وأسعار_مناسبه_وعمل_ممتاز/
نجار,1,EXACT,نجار الرياض,50.0,الرياض,25930922,2026-09-10,active,https://haraj.com.sa/11188300079/نجار_الرياض/
نجار,2,EXACT,نجار شمال الرياض,400.0,الرياض,25954469,2026-09-15,active,https://haraj.com.sa/11188610023/نجار_شمال_الرياض/
نجار,3,EXACT,نجار مصري الرياض,250.0,الرياض,24598620,2026-09-11,active,https://haraj.com.sa/11188349623/نجار_مصري_الرياض/
نجار,4,RELATED,مقاول عظم الرياض نجار وحدا وبناء,150.0,الرياض,25972068,2026-09-06,active,https://haraj.com.sa/11188032216/مقاول_عظم_الرياض_نجار_وحدا_وبناء/
نجار,5,EXACT,نجار تفصيل خزائن وديكور خشبي في السعوديه الرياض,350.0,الرياض,14712491,2026-08-24,active,https://haraj.com.sa/11187116834/نجار_تفصيل_خزائن_وديكور_خشبي_في_السعوديه_الرياض/
نجار,6,EXACT,نجار موبيليا تفصيل دواليب ومكاتب,400.0,الرياض,12869076,2026-09-05,active,https://haraj.com.sa/11187966020/نجار_موبيليا_تفصيل_دواليب_ومكاتب/
نجار,7,EXACT,نجار عام للصيانة وتفصيل الخزائن والأبواب وتركيب شغل ايكيا,150.0,الرياض,17692233,2026-09-05,active,https://haraj.com.sa/11187906884/نجار_عام_للصيانة_وتفصيل_الخزائن_والأبواب_وتركيب_شغل_ايكيا/
نجار,8,EXACT,نجار موبيليا وابواب حي الفرزدق فك وتركيب وقص ابواب,250.0,الرياض,20729230,2026-09-07,active,https://haraj.com.sa/11188098495/نجار_موبيليا_وابواب_حي_الفرزدق_فك_وتركيب_وقص_ابواب/
نجار,9,EXACT,نجار شمال الرياض 2,,الرياض,25893355,2026-08-24,active,https://haraj.com.sa/11187118446/نجار_شمال_الرياض_2/
نجار,10,EXACT,نجار الرياض للموبليا والديكورات والخزان الحديثه,,الرياض,20773309,2026-09-21,active,https://haraj.com.sa/11189047870/نجار_الرياض_للموبليا_والديكورات_والخزان_الحديثه/
نجار,11,EXACT,نجار الرياض لا جميع انواع الخشب والديكورات,,الرياض,24952191,2026-09-07,active,https://haraj.com.sa/11188043953/نجار_الرياض_لا_جميع_انواع_الخشب_والديكورات/
نجار,12,EXACT,نجار في الرياض,,الرياض,22266526,2026-08-28,active,https://haraj.com.sa/11187371885/نجار_في_الرياض/
نجار,13,EXACT,نجار الرياض ام سليم فك وتركيب غرف نوم ابواب دواليب مطابخ 054,,الرياض,26041372,2026-09-19,active,https://haraj.com.sa/11188877546/نجار_الرياض_ام_سليم_فك_وتركيب_غرف_نوم_ابواب_دواليب_مطابخ_054/
نجار,14,EXACT,نجار موبيليا وتفصيل خزائن وثباته,,الرياض,24849620,2026-09-03,active,https://haraj.com.sa/11187814337/نجار_موبيليا_وتفصيل_خزائن_وثباته/
نجار,15,EXACT,نجار موبيليا وصيانة,,الرياض,24353343,2026-09-21,active,https://haraj.com.sa/11189022427/نجار_موبيليا_وصيانة/
نجار,16,EXACT,نجار موبيليا حسب الطلب,,الرياض,24286912,2026-09-14,active,https://haraj.com.sa/11188579926/نجار_موبيليا_حسب_الطلب/
نجار,17,EXACT,نجار موبيليا لي جميع الأعمال,,الرياض,25957482,2026-09-04,active,https://haraj.com.sa/11187864274/نجار_موبيليا_لي_جميع_الأعمال/
نجار,18,WRONG,خريطة نشاط تجاري مثبتة على جوجل لنجار باسم نجار البيت الحديث,400.0,الرياض,25460303,2026-08-11,active,https://haraj.com.sa/11186237044/خريطة_نشاط_تجاري_مثبتة_على_جوجل_لنجار_باسم_نجار_البيت_الحديث/
نجار,19,EXACT,نجار موبيليا ودهانات خشب,22.0,الرياض,25495571,2026-06-14,active,https://haraj.com.sa/11182445543/نجار_موبيليا_ودهانات_خشب/
نجار,20,EXACT,ورشة نجار أبواب خشب حلق سحاب أبواب مخفي أبواب دهان ناري رش,3.0,الرياض,21304770,2026-05-04,active,https://haraj.com.sa/11179953187/ورشة_نجار_أبواب_خشب_حلق_سحاب_أبواب_مخفي_أبواب_دهان_ناري_رش/
نقل عفش,1,EXACT,نقل عفش نقل واثاث وانقل الأغراض كنب او مجالس داخل وخارج الري,200.0,الرياض,2107212,2026-09-15,active,https://haraj.com.sa/11188638052/نقل_عفش_نقل_واثاث_وانقل_الأغراض_كنب_او_مجالس_داخل_وخارج_الري/
نقل عفش,2,EXACT,دينه نقل عفش داخل وخارج الرياض,200.0,الرياض,19404403,2026-09-22,active,https://haraj.com.sa/11189130378/دينه_نقل_عفش_داخل_وخارج_الرياض/
نقل عفش,3,EXACT,نقل عفش الرياض فك وتركيب نقل اثاث غرف نوم مطابخ ستاير,300.0,الرياض,25318365,2026-09-21,active,https://haraj.com.sa/11189037151/نقل_عفش_الرياض_فك_وتركيب_نقل_اثاث_غرف_نوم_مطابخ_ستاير/
نقل عفش,4,EXACT,ونيت نقل عفش واثاث دينا نقل عفش واثاث دخل وخارج الرياض,150.0,الرياض,16384157,2026-09-22,active,https://haraj.com.sa/11189087184/ونيت_نقل_عفش_واثاث_دينا_نقل_عفش_واثاث_دخل_وخارج_الرياض/
نقل عفش,5,EXACT,نقل عفش بالرياض,250.0,الرياض,5121520,2026-09-17,active,https://haraj.com.sa/11188783619/نقل_عفش_بالرياض/
نقل عفش,6,EXACT,نقل عفش بالرياض شركة تخزين عفش ولاثاث بالرياض,150.0,الرياض,14060386,2026-08-23,active,https://haraj.com.sa/11187047376/نقل_عفش_بالرياض_شركة_تخزين_عفش_ولاثاث_بالرياض/
نقل عفش,7,EXACT,نقل عفش بالرياض وخارجها,150.0,الرياض,25923712,2026-09-22,active,https://haraj.com.sa/11189108979/نقل_عفش_بالرياض_وخارجها/
نقل عفش,8,EXACT,نقل عفش الرياض. شركه نقل عفش بالرياض. دنه نقل عفش. نقل اثاث,250.0,الرياض,25082611,2026-08-29,active,https://haraj.com.sa/11187492338/نقل_عفش_الرياضشركه_نقل_عفش_بالرياضدنه_نقل_عفشنقل_اثاث/
نقل عفش,9,EXACT,دينه نقل عفش بالرياض فك وتركيب وتغليف,150.0,الرياض,1342490,2026-09-01,active,https://haraj.com.sa/11187646866/دينه_نقل_عفش_بالرياض_فك_وتركيب_وتغليف/
نقل عفش,10,EXACT,نقل عفش نقل العفش فك تركيب,350.0,الرياض,3566989,2026-09-14,active,https://haraj.com.sa/11188551560/نقل_عفش_نقل_العفش_فك_تركيب/
نقل عفش,11,EXACT,وانيت نقل عفش داخل وخارج الرياض مع الفك والتركيب,120.0,الرياض,18222289,2026-09-08,active,https://haraj.com.sa/11188149455/وانيت_نقل_عفش_داخل_وخارج_الرياض_مع_الفك_والتركيب/
نقل عفش,12,EXACT,نقل عفش بالرياض,150.0,الرياض,26010433,2026-09-15,active,https://haraj.com.sa/11188635463/نقل_عفش_بالرياض/
نقل عفش,13,EXACT,نقل عفش بالرياض,150.0,الرياض,18404317,2026-08-25,active,https://haraj.com.sa/11187207152/نقل_عفش_بالرياض/
نقل عفش,14,EXACT,نقل عفش بالرياض فك تركيب تغليف احترافي تخزين,350.0,الرياض,26048910,2026-09-21,active,https://haraj.com.sa/11189012572/نقل_عفش_بالرياض_فك_تركيب_تغليف_احترافي_تخزين/
نقل عفش,15,EXACT,نقل عفش بالرياض,150.0,الرياض,25789726,2026-09-22,active,https://haraj.com.sa/11189086944/نقل_عفش_بالرياض/
نقل عفش,16,EXACT,نقل عفض الرياض .نقل عفش بالرياض .شركه نقل عفش .نقل اثاث دنه,250.0,الرياض,25971224,2026-09-06,active,https://haraj.com.sa/11188024395/نقل_عفض_الرياضنقل_عفش_بالرياضشركه_نقل_عفشنقل_اثاث_دنه/
نقل عفش,17,EXACT,نقل عفش بالرياض فك وتركيب وتغليف ونقل,250.0,الرياض,24578602,2026-09-17,active,https://haraj.com.sa/11188782236/نقل_عفش_بالرياض_فك_وتركيب_وتغليف_ونقل/
نقل عفش,18,EXACT,نقل عفش بالرياض,200.0,الرياض,21505504,2026-08-24,active,https://haraj.com.sa/11187086840/نقل_عفش_بالرياض/
نقل عفش,19,EXACT,شركة نقل اثاث شركه نقل عفش شركه نقل مكيفات مطابخ تفصيل,250.0,الرياض,25791964,2026-09-10,active,https://haraj.com.sa/11188279460/شركة_نقل_اثاث_شركه_نقل_عفش_شركه_نقل_مكيفات_مطابخ_تفصيل/
نقل عفش,20,EXACT,شركة نقل اثاث فك وتركيب غرف نوم مكيفات مطابخ نقل عفش اثاث وو,300.0,الرياض,16250436,2026-09-01,active,https://haraj.com.sa/11187673568/شركة_نقل_اثاث_فك_وتركيب_غرف_نوم_مكيفات_مطابخ_نقل_عفش_اثاث_وو/
تنظيف مكيف,1,DANGEROUSLY_WRONG,جرم مكيف شباك,50.0,الرياض,13048738,2026-09-23,active,https://haraj.com.sa/11189146758/جرم_مكيف_شباك/
تنظيف مكيف,2,DANGEROUSLY_WRONG,مروحه مكيف سبلت مقاس 24 السوم 400,400.0,الرياض,18748900,2026-09-23,active,https://haraj.com.sa/11189145898/مروحه_مكيف_سبلت_مقاس_24_السوم_400/
تنظيف مكيف,3,DANGEROUSLY_WRONG,مكيف رحلات ومخيمات محمول,1000.0,الرياض,12751311,2026-09-23,active,https://haraj.com.sa/11189146578/مكيف_رحلات_ومخيمات_محمول/
تنظيف مكيف,4,DANGEROUSLY_WRONG,للبيع مكيف اسبلت سامسونج,350.0,الرياض,19851398,2026-09-23,active,https://haraj.com.sa/11189144397/للبيع_مكيف_اسبلت_سامسونج/
تنظيف مكيف,5,DANGEROUSLY_WRONG,مكيف شباك قديم شغال ويبرد ممتاز للبيع,350.0,الرياض,4922540,2026-09-23,active,https://haraj.com.sa/11189142930/مكيف_شباك_قديم_شغال_ويبرد_ممتاز_للبيع/
تنظيف مكيف,6,DANGEROUSLY_WRONG,ديكور فتحة مكيف,60.0,الرياض,5059581,2026-09-22,active,https://haraj.com.sa/11189133667/ديكور_فتحة_مكيف/
تنظيف مكيف,7,DANGEROUSLY_WRONG,مكيف سبيلت 24 وحده,500.0,الرياض,20979177,2026-09-22,active,https://haraj.com.sa/11189133566/مكيف_سبيلت_24_وحده/
تنظيف مكيف,8,DANGEROUSLY_WRONG,مكيف,550.0,الرياض,18503314,2026-09-22,active,https://haraj.com.sa/11189133453/مكيف/
تنظيف مكيف,9,DANGEROUSLY_WRONG,مكيف شباك جديد,700.0,الرياض,18426092,2026-09-22,active,https://haraj.com.sa/11189132964/مكيف_شباك_جديد/
تنظيف مكيف,10,DANGEROUSLY_WRONG,مكيف صحراوي الجزيره بلس للبيع شبه جديد,750.0,الرياض,15667083,2026-09-22,active,https://haraj.com.sa/11189132288/مكيف_صحراوي_الجزيره_بلس_للبيع_شبه_جديد/
تنظيف مكيف,11,DANGEROUSLY_WRONG,مكيف سبّلت,1000.0,الرياض,23449029,2026-09-22,active,https://haraj.com.sa/11189097696/مكيف_سبّلت/
تنظيف مكيف,12,DANGEROUSLY_WRONG,مكيف صحراوي جدا ممتاز للبيع مكان طريق البطحاء الرياض,350.0,الرياض,23949555,2026-09-22,active,https://haraj.com.sa/11189079245/مكيف_صحراوي_جدا_ممتاز_للبيع_مكان_طريق_البطحاء_الرياض/
تنظيف مكيف,13,DANGEROUSLY_WRONG,مكيف LG جديد مقاس 24,1600.0,الرياض,4394847,2026-09-22,active,https://haraj.com.sa/11189128703/مكيف_LG_جديد_مقاس_24/
تنظيف مكيف,14,DANGEROUSLY_WRONG,ثلاجه فرن مكيف,2600.0,الرياض,14521241,2026-09-22,active,https://haraj.com.sa/11189128576/ثلاجه_فرن_مكيف/
تنظيف مكيف,15,DANGEROUSLY_WRONG,فلتر مكيف المرسيدس موديل 2024 جديد,300.0,الرياض,19584561,2026-09-22,active,https://haraj.com.sa/11189128382/فلتر_مكيف_المرسيدس_موديل_2024_جديد/
تنظيف مكيف,16,DANGEROUSLY_WRONG,مكيف شباك شغال ممتاز,700.0,الرياض,15392597,2026-09-22,active,https://haraj.com.sa/11189128324/مكيف_شباك_شغال_ممتاز/
تنظيف مكيف,17,DANGEROUSLY_WRONG,للبيع مكيف ( العدد واحد ) يونيون اير (Unionaire),800.0,الرياض,25195409,2026-09-22,active,https://haraj.com.sa/11189124570/للبيع_مكيف_العدد_واحد_يونيون_ايرUnionaire_/
تنظيف مكيف,18,DANGEROUSLY_WRONG,مكيف شباك كاريير 24,700.0,الرياض,2666624,2026-09-22,active,https://haraj.com.sa/11189122112/مكيف_شباك_كاريير_24/
تنظيف مكيف,19,DANGEROUSLY_WRONG,سكوتر سيكل مغسله كامل وجه مكيف 100ريال,100.0,الرياض,23096504,2026-09-22,active,https://haraj.com.sa/11189122097/سكوتر_سيكل_مغسله_كامل_وجه_مكيف_100ريال/
تنظيف مكيف,20,DANGEROUSLY_WRONG,للبيع مكيف سبيلت,600.0,الرياض,67062,2026-09-19,active,https://haraj.com.sa/11188915309/للبيع_مكيف_سبيلت/
كاميرات مراقبة,1,EXACT,كاميرات مراقبه باقه ب1850 ريال,1850.0,الرياض,12857741,2026-09-22,active,https://haraj.com.sa/11189126105/كاميرات_مراقبه_باقه_ب1850_ريال/
كاميرات مراقبة,2,RELATED,للبيع كاميرات مراقبة UNV بدقة 5MP مع جهاز NVR,250.0,الرياض,5375621,2026-09-22,active,https://haraj.com.sa/11189123573/للبيع_كاميرات_مراقبة_UNV_بدقة_5MP_مع_جهاز_NVR/
كاميرات مراقبة,3,EXACT,كاميرات مراقبة,990.0,الرياض,21838206,2026-09-22,active,https://haraj.com.sa/11189071383/كاميرات_مراقبة/
كاميرات مراقبة,4,RELATED,كاميرات مراقبه,960.0,الرياض,18900842,2026-09-20,active,https://haraj.com.sa/11188939035/كاميرات_مراقبه/
كاميرات مراقبة,5,RELATED,كاميرات مراقبه خارجيه متحركه ثلاث عدسات بشريحه 4G,260.0,الرياض,17067043,2026-09-13,active,https://haraj.com.sa/11188479950/كاميرات_مراقبه_خارجيه_متحركه_ثلاث_عدسات_بشريحه_4G/
كاميرات مراقبة,6,EXACT,باقة كاميرات مراقبه 1450,1450.0,الرياض,12857741,2026-09-21,active,https://haraj.com.sa/11189053743/باقة_كاميرات_مراقبه_1450/
كاميرات مراقبة,7,EXACT,عروض كاميرات مراقبة مع التركيب,150.0,الرياض,18262288,2026-09-06,active,https://haraj.com.sa/11187997297/عروض_كاميرات_مراقبة_مع_التركيب/
كاميرات مراقبة,8,EXACT,احمي منزلك ومحلك التجاري بأحدث كاميرات المراقبة,1600.0,الرياض,16968139,2026-09-08,active,https://haraj.com.sa/11188122867/احمي_منزلك_ومحلك_التجاري_بأحدث_كاميرات_المراقبة/
كاميرات مراقبة,9,RELATED,كاميرات مراقبة,300.0,الرياض,3025803,2026-09-21,active,https://haraj.com.sa/11189038393/كاميرات_مراقبة/
كاميرات مراقبة,10,EXACT,توريد وتركيب وصيانة جميع كاميرات المراقبة,1000.0,الرياض,16968139,2026-09-21,active,https://haraj.com.sa/11189019656/توريد_وتركيب_وصيانة_جميع_كاميرات_المراقبة/
كاميرات مراقبة,11,RELATED,كاميرات مراقبة 5ميجا مع جهاز.DVR اربعه مخارج 5ميجا وهارديسك,600.0,الرياض,24181062,2026-09-20,active,https://haraj.com.sa/11188997296/كاميرات_مراقبة_5ميجا_مع_جهاز_DVR_اربعه_مخارج_5ميجا_وهارديسك/
كاميرات مراقبة,12,RELATED,كاميرات مراقبه,1250.0,الرياض,12857741,2026-09-20,active,https://haraj.com.sa/11188941840/كاميرات_مراقبه/
كاميرات مراقبة,13,EXACT,كاميرات مراقبه عرض,1450.0,الرياض,12857741,2026-09-19,active,https://haraj.com.sa/11188873271/كاميرات_مراقبه_عرض/
كاميرات مراقبة,14,EXACT,كاميرات مراقبه عروض اليوم الوطني,1696.0,الرياض,26043095,2026-09-19,active,https://haraj.com.sa/11188897524/كاميرات_مراقبه_عروض_اليوم_الوطني/
كاميرات مراقبة,15,EXACT,العرض الشامل سيستم كاميرات مراقبه يونى فيو 5ميجا,3550.0,الرياض,21006769,2026-09-19,active,https://haraj.com.sa/11188870513/العرض_الشامل_سيستم_كاميرات_مراقبه_يونى_فيو_5ميجا/
كاميرات مراقبة,16,RELATED,كاميرات مراقبه,,الرياض,18188491,2026-09-22,active,https://haraj.com.sa/11189110264/كاميرات_مراقبه/
كاميرات مراقبة,17,RELATED,كاميرات مراقبه,,الرياض,5540847,2026-09-22,active,https://haraj.com.sa/11189082372/كاميرات_مراقبه/
كاميرات مراقبة,18,EXACT,كاميرات مراقبة كاميرات شهادة استيفاء كاميرات المراقبة,1300.0,الرياض,25967725,2026-09-22,active,https://haraj.com.sa/11189094910/كاميرات_مراقبة_كاميرات_شهادة_استيفاء_كاميرات_المراقبة/
كاميرات مراقبة,19,EXACT,صيانه ونركيب كاميرات مراقبه,,الرياض,3363482,2026-09-22,active,https://haraj.com.sa/11189088153/صيانه_ونركيب_كاميرات_مراقبه/
كاميرات مراقبة,20,EXACT,كاميرات مراقبه,,الرياض,25708222,2026-09-21,active,https://haraj.com.sa/11189004034/كاميرات_مراقبه/
تركيب أفياش كهرباء,1,DANGEROUSLY_WRONG,كرسي كهربايي للذو الاعاقه,3600.0,الرياض,16978766,2026-09-18,active,https://haraj.com.sa/11188857151/كرسي_كهربايي_للذو_الاعاقه/
تركيب أفياش كهرباء,2,DANGEROUSLY_WRONG,كرسي اطفال متحرك كهربائي جديد لم يستخدم بكرتونه واغراضه كامل,3500.0,الرياض,4403905,2026-09-23,active,https://haraj.com.sa/11189139651/كرسي_اطفال_متحرك_كهربائي_جديد_لم_يستخدم_بكرتونه_واغراضه_كامل/
تركيب أفياش كهرباء,3,DANGEROUSLY_WRONG,صاج برجر كهربائي Toastmaster تجاري   بحالة جيد,4000.0,الرياض,19659827,2026-09-22,active,https://haraj.com.sa/11189135528/صاج_برجر_كهربائي_Toastmaster_تجاري_بحالة_جيد/
تركيب أفياش كهرباء,4,DANGEROUSLY_WRONG,منشار طاولة كهربائي سلكي بقوة 1800 واط من ستانلي موديل رقم S,1000.0,الرياض,6056392,2026-09-22,active,https://haraj.com.sa/11189132727/منشار_طاولة_كهربائي_سلكي_بقوة_1800_واط_من_ستانلي_موديل_رقم_S/
تركيب أفياش كهرباء,5,DANGEROUSLY_WRONG,سيكل كهربائي جديد للبيع استخدام 3 أيام,3500.0,الرياض,2320810,2026-09-22,active,https://haraj.com.sa/11189121802/سيكل_كهربائي_جديد_للبيع_استخدام_3_أيام/
تركيب أفياش كهرباء,6,DANGEROUSLY_WRONG,كرسي متحرك كهربائي ايدل,4000.0,الرياض,12065832,2026-09-22,active,https://haraj.com.sa/11189118227/كرسي_متحرك_كهربائي_ايدل/
تركيب أفياش كهرباء,7,DANGEROUSLY_WRONG,رينفو مدلك ظهر ورقبة كهربائي مع حرارة وهزاز وتحكم بالسرعة,600.0,الرياض,20435987,2026-09-22,active,https://haraj.com.sa/11189111536/رينفو_مدلك_ظهر_ورقبة_كهربائي_مع_حرارة_وهزاز_وتحكم_بالسرعة/
تركيب أفياش كهرباء,8,DANGEROUSLY_WRONG,كرسي كهربائي للبيع,4500.0,الرياض,12502592,2026-09-18,active,https://haraj.com.sa/11188811048/كرسي_كهربائي_للبيع/
تركيب أفياش كهرباء,9,EXACT,فني كهرباء,300.0,الرياض,21356492,2026-09-20,active,https://haraj.com.sa/11188979964/فني_كهرباء/
تركيب أفياش كهرباء,10,EXACT,وأمان. من تمديد الكهرباء إلى إصلاح السباكة.. ش,50.0,الرياض,24173473,2026-09-15,active,https://haraj.com.sa/11188601670/وأمانمن_تمديد_الكهرباء_إلى_إصلاح_السباكة_ش/
تركيب أفياش كهرباء,11,RELATED,كهربايي باور كنترول كهرباء باور كنترول دبلوم هندسة  مسجل في,,الرياض,17541060,2026-09-22,active,https://haraj.com.sa/11189130869/كهربايي_باور_كنترول_كهرباء_باور_كنترول_دبلوم_هندسةمسجل_في/
تركيب أفياش كهرباء,12,WRONG,ميكانيكي وكهرباىي متنقل,,الرياض,21554536,2026-09-22,active,https://haraj.com.sa/11189125625/ميكانيكي_وكهرباىي_متنقل/
تركيب أفياش كهرباء,13,DANGEROUSLY_WRONG,دوده دركسون كهربائي زيت كامري 25لكزس رافور افلون فورد تورس,,الرياض,25924352,2026-09-23,active,https://haraj.com.sa/11189147145/دوده_دركسون_كهربائي_زيت_كامري_25لكزس_رافور_افلون_فورد_تورس/
تركيب أفياش كهرباء,14,DANGEROUSLY_WRONG,اغراض للبيع كنب حوش وعطر وخلاط كهربائي,,الرياض,1749679,2026-09-22,active,https://haraj.com.sa/11189101929/اغراض_للبيع_كنب_حوش_وعطر_وخلاط_كهربائي/
تركيب أفياش كهرباء,15,DANGEROUSLY_WRONG,قدر عصيدة وجريش كهربائي,,الرياض,19590841,2026-09-23,active,https://haraj.com.sa/11189137083/قدر_عصيدة_وجريش_كهربائي/
تركيب أفياش كهرباء,16,DANGEROUSLY_WRONG,صاعق. كهربائي 12 الف,,الرياض,25475145,2026-09-22,active,https://haraj.com.sa/11189129782/صاعقكهربائي_12_الف/
تركيب أفياش كهرباء,17,DANGEROUSLY_WRONG,عفش للبيع دولابين وبوتكاز كهربائي,,الرياض,24096904,2026-09-22,active,https://haraj.com.sa/11189126865/عفش_للبيع_دولابين_وبوتكاز_كهربائي/
تركيب أفياش كهرباء,18,DANGEROUSLY_WRONG,ونش سحب كهربائي,,الرياض,25541598,2026-09-22,active,https://haraj.com.sa/11189126211/ونش_سحب_كهربائي/
تركيب أفياش كهرباء,19,DANGEROUSLY_WRONG,قدر كهربائي بادريق 10 لتر جديد,,الرياض,6054040,2026-09-22,active,https://haraj.com.sa/11189117762/قدر_كهربائي_بادريق_10_لتر_جديد/
تركيب أفياش كهرباء,20,DANGEROUSLY_WRONG,سلم كهربائي متسوبيشي ياباني اصلي,,الرياض,15100629,2026-09-22,active,https://haraj.com.sa/11189116251/سلم_كهربائي_متسوبيشي_ياباني_اصلي/
كشف تسريب مياه,1,EXACT,كشف تسربات بالرياض كشف تسريبات المياه كشف تسريب مياه,100.0,الرياض,17262440,2026-01-01,stale,https://haraj.com.sa/11172636825/كشف_تسربات_بالرياض_كشف_تسريبات_المياه_كشف_تسريب_مياه/
كشف تسريب مياه,2,EXACT,شركة كشف تسريبات المياة وحل ارتفاع فاتورة المياة بالرياض,100.0,الرياض,24448974,2026-09-20,active,https://haraj.com.sa/11188954667/شركة_كشف_تسريبات_المياة_وحل_ارتفاع_فاتورة_المياة_بالرياض/
كشف تسريب مياه,3,EXACT,كشف تسربات بالرياض كشف تسربات المياه بالرياض كشف تسرب مياه,99.0,الرياض,24409406,2026-09-04,active,https://haraj.com.sa/11187885380/كشف_تسربات_بالرياض_كشف_تسربات_المياه_بالرياض_كشف_تسرب_مياه/
كشف تسريب مياه,4,EXACT,عزل خزانات وكشف تسريب المياة,150.0,الرياض,2777469,2026-07-29,active,https://haraj.com.sa/11185393814/عزل_خزانات_وكشف_تسريب_المياة/
كشف تسريب مياه,5,EXACT,شركه كشف تسربات المياه وتنظيف وعزل خزانات المياه بالرياض,,الرياض,20072636,2026-02-12,stale,https://haraj.com.sa/11175310860/شركه_كشف_تسربات_المياه_وتنظيف_وعزل_خزانات_المياه_بالرياض/
