Syscode,Project (en),Project (ar),Area,Administrative district (en),Administrative district (ar)
70030076562645574,Medina,المدينة المنورة,"397,696.60",Al Muaqad,المعقد
70030076562709725,Medina,المدينة المنورة,"2,642,237.56",Al Duwaifaa,الدويفعة
70030076562744238,Medina,المدينة المنورة,"14,728,777.75",Al Mudaibiaat,المضيبيعات
70030076562750273,Medina,المدينة المنورة,"24,693,750.92",Abar Al Mashi,ابار الماشي
70030076562863359,Medina,المدينة المنورة,"4,768,615.09",An Ngma,الـنقـمى
70030076562863360,Medina,المدينة المنورة,"13,538,908.59",وعيـرة,وعيـرة
70030076562863361,Medina,المدينة المنورة,"16,218,333.20",المطـار,المطـار
70030076562863362,Medina,المدينة المنورة,"15,898,032.35",Industrial,الصناعية
70030076562863363,Medina,المدينة المنورة,"1,223,691.36",بنى عبد الأشهل,بنى عبد الأشهل
70030076562863364,Medina,المدينة المنورة,"3,444,494.40",بنى حارثة,بنى حارثة
70030076562863365,Medina,المدينة المنورة,"3,510,692.84",Al Shuhada,الشهداء
70030076562863366,Medina,المدينة المنورة,"2,419,686.63",التـلعة,التـلعة (أحد)
70030076562863367,Medina,المدينة المنورة,"4,893,076.72",Ad Dar,الدار
70030076562863368,Medina,المدينة المنورة,"18,848,782.28",جبل أحــد,جبل أحــد
70030076562863369,Medina,المدينة المنورة,"38,738,701.59",Al Khadra,حى الخضراء
70030076562863370,Medina,المدينة المنورة,"17,448,310.28",Al Sharayeh,الشرائع
70030076562869352,Medina,المدينة المنورة,"1,482,552.70",Hura Al Wabra,حرة الوبرة
70030076562869353,Medina,المدينة المنورة,"8,520,714.20",الغـابة,الغـابة (أحد)
70030076562869354,Medina,المدينة المنورة,"1,499,619.50",بنى معاوية,بنى معاوية
70030076562869355,Medina,المدينة المنورة,"4,877,629.67",Al Ariydh,العريض
70030076562869356,Medina,المدينة المنورة,"3,799,905.36",الأسكان,الأسكان
70030076562869357,Medina,المدينة المنورة,"3,094,725.94",Al Khalidiyah,الخالدية
70030076562869358,Medina,المدينة المنورة,"4,409,202.16",Shidhat,شـظاة
70030076562869359,Medina,المدينة المنورة,"4,148,433.23",Al Sad,السـد
70030076562869360,Medina,المدينة المنورة,"815,078.40",As Suqya,السقيا
70030076562869361,Medina,المدينة المنورة,"7,388,141.87",Al Mabooth,المبعوث
70030076562869362,Medina,المدينة المنورة,"472,956.06",Bani Khidrah,بني خدرة
70030076562869363,Medina,المدينة المنورة,"206,240.71",بني النجار,بني النجار
70030076562869364,Medina,المدينة المنورة,"1,772,769.86",Al Jumaa,الجمعة
70030076562869365,Medina,المدينة المنورة,"1,410,018.66",Al Mughaisilah,المغيسلة
70030076562869366,Medina,المدينة المنورة,"1,960,181.45",Al Zahira,الظاهرة
70030076562869367,Medina,المدينة المنورة,"288,096.51",Badhaah,بضاعة
70030076562869368,Medina,المدينة المنورة,"246,229.30",Al Manakhah,المناخة
70030076562869369,Medina,المدينة المنورة,"297,965.32",النقا,النقا
70030076562869370,Medina,المدينة المنورة,"2,478,556.47",Al Usbah,العصبة
70030076562869371,Medina,المدينة المنورة,"2,908,323.03",Al Khatim,الخاتم
70030076562869372,Medina,المدينة المنورة,"7,665,634.24",الروابى,الروابى
70030076562869373,Medina,المدينة المنورة,"4,695,870.43",Al Ghara,الغـراء
70030076562869374,Medina,المدينة المنورة,"4,998,096.08",Ar Rumanah,الرمـانة
70030076562869375,Medina,المدينة المنورة,"8,797,180.68",Nubala,نبلاء
70030076562869376,Medina,المدينة المنورة,"3,929,063.18",Al Hadika,الحديقة
70030076562869377,Medina,المدينة المنورة,"3,151,411.30",Al Qaswa,القصواء
70030076562869378,Medina,المدينة المنورة,"9,994,754.76",Ar Ranuna,الرانوناء
70030076562869379,Medina,المدينة المنورة,"9,965,640.90",Raht,رهـط
70030076562869380,Medina,المدينة المنورة,"7,016,791.41",Al Jassah,الجصـة
70030076562869381,Medina,المدينة المنورة,"3,258,024.25",أبوبريقاء,أبوبريقاء
70030076562869382,Medina,المدينة المنورة,"3,220,101.76",Al Jabirah,الجابرة
70030076562869383,Medina,المدينة المنورة,"1,845,836.94",بنى بياضة,بنى بياضة
70030076562869384,Medina,المدينة المنورة,"2,645,533.40",Al Shahba,الشهباء
70030076562869385,Medina,المدينة المنورة,"16,685,408.76",Jabal Ayr,جبل عير
70030076562869386,Medina,المدينة المنورة,"31,428,886.72",Khakh,خاخ
70030076562869387,Medina,المدينة المنورة,"27,022,886.37",Al Muzayiyn,المزيين
70030076562869388,Medina,المدينة المنورة,"1,416,665.62",Al Masani,المصانع
70030076562869389,Medina,المدينة المنورة,"1,704,871.18",Masjid Ad Dara,مسجد الدرع
70030076562869390,Medina,المدينة المنورة,"12,941,613.64",Ash Shafiyah,الشافية
70030076562869392,Medina,المدينة المنورة,"1,140,581.49",Ad Duwaimah,الدويمة
70030076562869393,Medina,المدينة المنورة,"23,817,320.07",Al Anahi,الاناهي
70030076562869394,Medina,المدينة المنورة,"2,717,379.79",Al Ihn,العهن
70030076562869395,Medina,المدينة المنورة,"2,136,328.24",Qurban,قربان
70030076562869396,Medina,المدينة المنورة,"3,951,589.75",Wadi Mahzur,وادي مهزور
70030076562869397,Medina,المدينة المنورة,"6,304,965.01",Ad Duwaikhilah,الدويخلة
70030076562869398,Medina,المدينة المنورة,"3,237,049.23",بنى ظفر,بنى ظفر
70030076562869399,Medina,المدينة المنورة,"1,503,365.82",Ash Shuraybat,الشريبات
70030076562869400,Medina,المدينة المنورة,"7,610,014.68",البركـة,البركـة (أحد)
70030076562869401,Medina,المدينة المنورة,"1,131,816.82",Al Usayfirin,الأصيفرين
70030076562869402,Medina,المدينة المنورة,"3,602,109.49",Urwah,عروة
70030076562869403,Medina,المدينة المنورة,"6,814,316.94",Al Jamawat,الجماوات
70030076562869404,Medina,المدينة المنورة,"6,280,643.44",Dhu Al Hulayfah,ذو الحليفة
70030076562869405,Medina,المدينة المنورة,"9,475,441.31",جماء أم خالد,جماء أم خالد
70030076562869406,Medina,المدينة المنورة,"2,117,150.70",Al Qiblatayn,الـقـبلـتين
70030076562869407,Medina,المدينة المنورة,"5,690,024.44",Al Jamiah,الجـامـعة
70030076562869408,Medina,المدينة المنورة,"10,379,577.80",أبوكبير,أبوكبير
70030076562869409,Medina,المدينة المنورة,"4,232,008.12",Al Hisa,الحساء
70030076562869410,Medina,المدينة المنورة,"5,866,560.86",Warqan,ورقان
70030076562869411,Medina,المدينة المنورة,"1,660,742.06",Al Raya,الراية
70030076562869412,Medina,المدينة المنورة,"5,995,465.20",As Sadiqiyah,الصادقية
70030076562869413,Medina,المدينة المنورة,"23,581,616.29",Al Salam,السـلام
70030076562869414,Medina,المدينة المنورة,"2,020,665.85",Al Fath,الفتح
70030076562869415,Medina,المدينة المنورة,"7,235,735.32",Josham,جشم
70030076562869416,Medina,المدينة المنورة,"1,186,817.09",Al Anabis,العنابس
70030076562869417,Medina,المدينة المنورة,"2,426,749.71",Bir Uthman,بئر عثمان
70030076562869418,Medina,المدينة المنورة,"8,043,068.85",Wadi Mudhainib,وادي مذينب
70030076562869419,Medina,المدينة المنورة,"702,513.14",Al Sih,السيح
70030076562869420,Medina,المدينة المنورة,"11,350,072.95",King Fahd,الملك فهد
70030076562869421,Medina,المدينة المنورة,"7,896,468.07",Al Hadra,الهدراء
70030076562869422,Medina,المدينة المنورة,"5,715,976.17",Al Zahra,الزهرة
70030076562869423,Medina,المدينة المنورة,"12,106,811.83",As Sakb,السكب
70030076562869424,Medina,المدينة المنورة,"7,589,544.99",Shuran,شوران
70030076562869425,Medina,المدينة المنورة,"4,900,547.71",Ayn Al Khif,عين الخيف
70030076562869426,Medina,المدينة المنورة,"11,478,682.17",سكة الحديد,سكة الحديد
70030076562869427,Medina,المدينة المنورة,"142,064,223.77",Wadi Al Battan,وادي البطان
70030076562869428,Medina,المدينة المنورة,"534,246,372.11",Hadhawda,حى حضوضاء
70030076562869429,Medina,المدينة المنورة,"299,372,793.23",Um Al Seouf,ام السيوف
70030076562869430,Medina,المدينة المنورة,"6,348,458.02",Kittanah,كتانة
70030076562869431,Medina,المدينة المنورة,"16,543,268.67",Al Difaa,الدفـاع
70030076562869432,Medina,المدينة المنورة,"137,452,118.87",Industrial City,المدينة الصناعية
70030076562869433,Medina,المدينة المنورة,"60,696,166.36",Al Mafrahat,حى المفرحات
70030076562869434,Medina,المدينة المنورة,"223,714,310.90",Abumarkha,ابومرخة
70030076562869435,Medina,المدينة المنورة,"171,197,446.74",Al Sahluj,حى الصهلوج
70030076562869436,Medina,المدينة المنورة,"14,621,636.62",Al Aziziyah,العزيزية
70030076562869437,Medina,المدينة المنورة,"100,047,358.50",Abu Sidr,ابو سدر
70030076562869438,Medina,المدينة المنورة,"19,076,187.35",Al Balqa,البلقاء
70030076562869439,Medina,المدينة المنورة,"33,958,770.47",Tiba,طيبة
70030076562869440,Medina,المدينة المنورة,"21,715,453.07",Al Hafya,الحفيا
70030076562869441,Medina,المدينة المنورة,"8,641,376.57",Al Nakheel,النخيل
70030076562869442,Medina,المدينة المنورة,"302,206,187.91",Sad Al Ghaba,حى سد الغابة
70030076562869443,Medina,المدينة المنورة,"118,186,821.70",Wadi  Al hamdh,وادي الحمض
70030076562869444,Medina,المدينة المنورة,"287,110,293.75",Qubeiba,حى القبيبة
70030076562869445,Medina,المدينة المنورة,"2,219,775,766.76",Abyar Al Mashi,ابيار الماشي
70030076562869446,Medina,المدينة المنورة,"2,118,067,045.43",Al Mulaylih,المليليح
70030076562869447,Medina,المدينة المنورة,"1,138,015,448.52",Al Mundasa,المندسة
70030076562869448,Medina,المدينة المنورة,"1,756,903,440.94",Al Furaysh,الفريش
70030076562869449,Medina,المدينة المنورة,"4,364,170,465.44",As Suwaydra,الصويدرة
70030076562869451,Medina,المدينة المنورة,"436,900.91",الحرم الشريف,الحرم الشريف
70030076562874909,Medina,المدينة المنورة,"21,271,782.63",Al Aqoul,العاقول
70030076562874910,Medina,المدينة المنورة,"7,948,386.76",العـيـون,العـيـون (أحد)
